链接,标题,日期,来源,精选日期,异常信息,记录时间
https://www.ailingdaoli.com,AI领导力 | 驾驭AI的核心技能,20260508,,20260508,未提取来源信息,2026-05-09 01:18:05
https://www.cac.gov.cn/2023-07/13/c_1690898327029107.htm,生成式人工智能服务管理暂行办法_中央网络安全和信息化委员会办公室,20260508,,20260508,未提取来源信息,2026-05-09 01:18:05
https://www.cac.gov.cn/2025-03/14/c_1743654684782215.htm,关于印发《人工智能生成合成内容标识办法》的通知_中央网络安全和信息化委员会办公室,20260508,,20260508,未提取来源信息,2026-05-09 01:18:05
https://openstd.samr.gov.cn/bzgk/std/newGbInfo?hcno=F32EA2A561F1886CD8D606513512D547,国家标准|GB 45438-2025,20260508,,20260508,未提取来源信息,2026-05-09 01:18:05
https://www.cac.gov.cn/2022-12/11/c_1672221949354811.htm,互联网信息服务深度合成管理规定_中央网络安全和信息化委员会办公室,20260508,,20260508,未提取来源信息,2026-05-09 01:18:05
https://www.cac.gov.cn/2022-01/04/c_1642894606364259.htm,互联网信息服务算法推荐管理规定_中央网络安全和信息化委员会办公室,20260508,,20260508,未提取来源信息,2026-05-09 01:18:05
https://www.cac.gov.cn/2019-12/20/c_1578375159509309.htm,网络信息内容生态治理规定_中央网络安全和信息化委员会办公室,20260508,,20260508,未提取来源信息,2026-05-09 01:18:05
https://www.csrc.gov.cn/beijing/c105536/c7505996/content.shtml,网络反不正当竞争暂行规定_北京监管局,20260508,,20260508,未提取来源信息,2026-05-09 01:18:05
https://www.spp.gov.cn/spp/fl/202506/t20250627_699862.shtml,中华人民共和国反不正当竞争法_最高人民检察院门户网,20260508,,20260508,未提取来源信息,2026-05-09 01:18:05
https://flk.npc.gov.cn/detail?fileId=&id=ff8081817ab231eb017abd6bd860052d&title=%E4%B8%AD%E5%8D%8E%E4%BA%BA%E6%B0%91%E5%85%B1%E5%92%8C%E5%9B%BD%E5%B9%BF%E5%91%8A%E6%B3%95&type=,国家法律法规数据库,20260508,,20260508,未提取来源信息,2026-05-09 01:18:05
https://www.moj.gov.cn/pub/sfbgw/flfggz/flfggzbmgz/202306/t20230620_481045.html,中华人民共和国司法部,20260508,,20260508,未提取来源信息,2026-05-09 01:18:05
https://www.cac.gov.cn/2021-08/20/c_1631050028355286.htm,中华人民共和国个人信息保护法_中央网络安全和信息化委员会办公室,20260508,,20260508,未提取来源信息,2026-05-09 01:18:05
https://www.cac.gov.cn/2016-11/07/c_1119867116.htm,中华人民共和国网络安全法_中央网络安全和信息化委员会办公室,20260508,,20260508,未提取来源信息,2026-05-09 01:18:05
https://www.doubao.com/legal/privacy,隐私政策,20260508,,20260508,未提取来源信息,2026-05-09 01:18:05
https://www.kimi.com/user/agreement/userPrivacy?version=v2,Kimi AI 官网 - K2.6 上线,20260508,,20260508,未提取来源信息,2026-05-09 01:18:05
https://terms.alicdn.com/legal-agreement/terms/privacy_policy_full/20231011201849846/20231011201849846.html,千问产品隐私政策,20260508,,20260508,未提取来源信息,2026-05-09 01:18:05
https://privacy.qq.com/document/preview/eb9be56572ab4886b6ca124e72abf413,腾讯隐私保护平台,20260508,,20260508,未提取来源信息,2026-05-09 01:18:05
https://cdn.deepseek.com/policies/zh-CN/deepseek-privacy-policy.html,DeepSeek 隐私政策,20260508,,20260508,未提取来源信息,2026-05-09 01:18:05
https://scjg.hebei.gov.cn/info/70516,市场监管总局公布一批网络虚假宣传不正当竞争典型案例    严厉打击“刷单炒信”,20260508,,20260508,未提取来源信息,2026-05-09 01:18:05
https://yjj.sh.gov.cn/zjyw/20241230/c00b4facf9dc43719c1764361180e3dd.html,市场监管总局公布七起网络不正当竞争典型案例_国务院信息/总局要闻_上海市药品监督管理局,20260508,,20260508,未提取来源信息,2026-05-09 01:18:05
https://www.mps.gov.cn/n2255079/n4242954/n4841045/n4841074/c9556101/content.html,（https://www.mps.gov.cn/n2255079/n4242954/n4841045/n4841074/c9556101/content.html）,20260508,,20260508,未提取来源信息,2026-05-09 01:18:05
https://www.chinapeace.gov.cn/chinapeace/c100064/2024-03/17/content_12718721.shtml,（https://www.chinapeace.gov.cn/chinapeace/c100064/2024-03/17/content_12718721.shtml）,20260508,,20260508,未提取来源信息,2026-05-09 01:18:05
https://developers.google.com/search/docs/appearance/ai-features,（https://developers.google.com/search/docs/appearance/ai-features）,20260508,,20260508,未提取来源信息,2026-05-09 01:18:05
https://developers.google.com/search/docs/essentials/spam-policies,（https://developers.google.com/search/docs/essentials/spam-policies）,20260508,,20260508,未提取来源信息,2026-05-09 01:18:05
https://genai.owasp.org/llmrisk/llm01-prompt-injection,LLM01:2025 Prompt Injection - OWASP Gen AI Security Project,20260508,,20260508,未提取来源信息,2026-05-09 01:18:05
https://atlas.mitre.org,MITRE ATLAS™,20260508,,20260508,未提取来源信息,2026-05-09 01:18:05
https://spec.c2pa.org/specifications/specifications/2.4/index.html,C2PA Specifications :: C2PA Specifications,20260508,,20260508,未提取来源信息,2026-05-09 01:18:05
https://platform.openai.com/audio/realtime,（https://platform.openai.com/audio/realtime）,20260508,,20260508,未提取来源信息,2026-05-09 01:18:05
https://player.vimeo.com/video/1190206030?h=bfe416b2df,Realtime_Hero_06_HD_H264 on Vimeo,20260508,,20260508,未提取来源信息,2026-05-09 01:18:05
https://player.vimeo.com/video/1189965227?h=5f67308e6d,RealtimeDemo22 on Vimeo,20260508,,20260508,未提取来源信息,2026-05-09 01:18:05
https://player.vimeo.com/video/1189187147?h=6f16761fb5,2026-04-29 Vimeo and OpenAI - 4 on Vimeo,20260508,,20260508,未提取来源信息,2026-05-09 01:18:05
https://www.youtube.com/watch?v=JOu8v6CBjkE,- YouTube,20260508,Web-Youtube,20260508,JS渲染页面,2026-05-09 01:18:05
https://openai.com/index/advancing-voice-intelligence-with-new-models-in-the-api,（https://openai.com/index/advancing-voice-intelligence-with-new-models-in-the-api/）,20260508,,20260508,未提取来源信息,2026-05-09 01:18:05
https://developers.openai.com/api/docs/models/gpt-realtime-2,gpt-realtime-2 Model | OpenAI API,20260508,,20260508,未提取来源信息,2026-05-09 01:18:05
https://raw.githubusercontent.com/codejunkie99/agent-roadmap-2026/main/AGENT.md,（https://raw.githubusercontent.com/codejunkie99/agent-roadmap-2026/main/AGENT.md）,20260508,,20260508,未提取来源信息,2026-05-09 07:18:05
https://www.anthropic.com/engineering,Engineering \ Anthropic,20260508,,20260508,未提取来源信息,2026-05-09 07:18:05
https://www.langchain.com/blog,LangChain Blog,20260508,,20260508,未提取来源信息,2026-05-09 07:18:05
https://developers.openai.com/cookbook,Cookbook,20260508,,20260508,未提取来源信息,2026-05-09 07:18:05
https://hamel.dev,Hamel Husain’s Blog – Hamel's Blog - Hamel Husain,20260508,,20260508,未提取来源信息,2026-05-09 07:18:05
https://eugeneyan.com,Eugene Yan,20260508,,20260508,未提取来源信息,2026-05-09 07:18:05
https://lilianweng.github.io,Lil'Log,20260508,,20260508,未提取来源信息,2026-05-09 07:18:05
https://simonwillison.net,Simon Willison’s Weblog,20260508,,20260508,未提取来源信息,2026-05-09 07:18:05
https://huyenchip.com,Chip Huyen,20260508,,20260508,未提取来源信息,2026-05-09 07:18:05
https://www.philschmid.de,Philschmid,20260508,,20260508,未提取来源信息,2026-05-09 07:18:05
https://cameronrwolfe.substack.com,"Deep (Learning) Focus | Cameron R. Wolfe, Ph.D. | Substack",20260508,,20260508,未提取来源信息,2026-05-09 07:18:05
https://deeplearning.ai/short-courses,Courses - DeepLearning.AI,20260508,,20260508,未提取来源信息,2026-05-09 07:18:05
https://academy.langchain.com/courses/intro-to-langgraph,Foundation: Introduction to LangGraph - Python,20260508,,20260508,未提取来源信息,2026-05-09 07:18:05
https://freeacademy.ai,Free AI Courses with Certificate | FreeAcademy.ai,20260508,,20260508,未提取来源信息,2026-05-09 07:18:05
https://youtube.com/@AndrejKarpathy,Andrej Karpathy - YouTube,20260508,,20260508,未提取来源信息,2026-05-09 07:18:05
https://youtube.com/@aiDotEngineer,AI Engineer - YouTube,20260508,,20260508,未提取来源信息,2026-05-09 07:18:05
https://youtube.com/@LangChain,LangChain - YouTube,20260508,,20260508,未提取来源信息,2026-05-09 07:18:05
https://youtube.com/@anthropic-ai,Anthropic - YouTube,20260508,,20260508,未提取来源信息,2026-05-09 07:18:05
https://youtube.com/@YannicKilcher,Yannic Kilcher - YouTube,20260508,,20260508,未提取来源信息,2026-05-09 07:18:05
https://youtube.com/@lexfridman,Lex Fridman - YouTube,20260508,,20260508,未提取来源信息,2026-05-09 07:18:05
https://latent.space,Latent.Space | Substack,20260508,,20260508,未提取来源信息,2026-05-09 07:18:05
https://importai.substack.com,Import AI | Jack Clark | Substack,20260508,,20260508,未提取来源信息,2026-05-09 07:18:05
https://bensbites.com,Ben's Bites | Substack,20260508,,20260508,未提取来源信息,2026-05-09 07:18:05
https://tldr.tech/ai,Keep up with AI in 5 minutes,20260508,,20260508,未提取来源信息,2026-05-09 07:18:05
https://aiengineerpack.com,AI Engineer Pack by ElevenLabs,20260508,,20260508,未提取来源信息,2026-05-09 07:18:05
https://dwarkeshpatel.com,Dwarkesh Podcast | Substack,20260508,,20260508,未提取来源信息,2026-05-09 07:18:05
https://twimlai.com,TWIML | The Voice of Machine Learning and Artificial Intelligence,20260508,,20260508,未提取来源信息,2026-05-09 07:18:05
https://mattturck.com/themadpodcast,Matt Turck,20260508,,20260508,未提取来源信息,2026-05-09 07:18:05
https://discord.gg/langchain,Discord,20260508,,20260508,未提取来源信息,2026-05-09 07:18:05
https://hf.co/join/discord,Hugging Face,20260508,,20260508,未提取来源信息,2026-05-09 07:18:05
https://reddit.com/r/LocalLLaMA,Reddit - Please wait for verification,20260508,,20260508,未提取来源信息,2026-05-09 07:18:05
https://ai.engineer,AI Engineer,20260508,,20260508,未提取来源信息,2026-05-09 07:18:05
https://anthropic.com/discord,Claude,20260508,,20260508,未提取来源信息,2026-05-09 07:18:05
https://anthropic.com/research/building-effective-agents,Building Effective AI Agents \ Anthropic,20260508,,20260508,未提取来源信息,2026-05-09 07:18:05
https://simonwillison.net/2024/Dec/20/building-effective-agents,Building effective agents,20260508,,20260508,未提取来源信息,2026-05-09 07:18:05
https://anthropic.com/engineering/effective-context-engineering-for-ai-agents,Effective context engineering for AI agents \ Anthropic,20260508,,20260508,未提取来源信息,2026-05-09 07:18:05
https://blog.langchain.com/context-engineering-for-agents,Context Engineering,20260508,,20260508,未提取来源信息,2026-05-09 07:18:05
https://anthropic.com/engineering/multi-agent-research-system,How we built our multi-agent research system \ Anthropic,20260508,,20260508,未提取来源信息,2026-05-09 07:18:05
https://simonwillison.net/2025/Jun/14/multi-agent-research-system,Anthropic: How we built our multi-agent research system,20260508,,20260508,未提取来源信息,2026-05-09 07:18:05
https://ml6.eu/en/blog/inside-the-claude-agents-sdk,404 Error,20260508,,20260508,未提取来源信息,2026-05-09 07:18:05
https://anthropic.com/engineering/building-agents-with-the-claude-agent-sdk,Building agents with the Claude Agent SDK | Claude,20260508,,20260508,未提取来源信息,2026-05-09 07:18:05
https://anthropic.com/engineering/effective-harnesses-for-long-running-agents,Effective harnesses for long-running agents \ Anthropic,20260508,,20260508,未提取来源信息,2026-05-09 07:18:05
https://anthropic.com/engineering/harness-design-long-running-apps,Harness design for long-running application development \ Anthropic,20260508,,20260508,未提取来源信息,2026-05-09 07:18:05
https://blog.langchain.com/how-to-think-about-agent-frameworks,How to think about agent frameworks,20260508,,20260508,未提取来源信息,2026-05-09 07:18:05
https://langchain.com/state-of-agent-engineering,State of AI Agents,20260508,,20260508,未提取来源信息,2026-05-09 07:18:05
https://blog.langchain.com/how-to-build-an-agent,How to Build an Agent,20260508,,20260508,未提取来源信息,2026-05-09 07:18:05
https://blog.langchain.com/continual-learning-for-ai-agents,Continual learning for AI agents,20260508,,20260508,未提取来源信息,2026-05-09 07:18:05
https://docs.anthropic.com/en/docs/build-with-claude/tool-use,Tool use with Claude - Claude API Docs,20260508,,20260508,未提取来源信息,2026-05-09 07:18:05
https://anthropic.com/engineering/writing-tools-for-agents,Writing effective tools for AI agents—using AI agents \ Anthropic,20260508,,20260508,未提取来源信息,2026-05-09 07:18:05
https://anthropic.com/engineering/equipping-agents-for-the-real-world-with-agent-skills,Equipping agents for the real world with Agent Skills \ Anthropic,20260508,,20260508,未提取来源信息,2026-05-09 07:18:05
https://platform.claude.com/docs/en/agent-sdk,Agent SDK overview - Claude Code Docs,20260508,,20260508,未提取来源信息,2026-05-09 07:18:05
https://code.claude.com/docs/en/agent-sdk/skills,Agent Skills in the SDK - Claude Code Docs,20260508,,20260508,未提取来源信息,2026-05-09 07:18:05
https://blog.langchain.com/evaluating-skills,Evaluating Skills,20260508,,20260508,未提取来源信息,2026-05-09 07:18:05
https://langchain-ai.github.io/langgraph,Redirecting to LangGraph Documentation,20260508,,20260508,未提取来源信息,2026-05-09 07:18:05
https://blog.langchain.com/doubling-down-on-deepagents,Doubling down on Deep Agents,20260508,,20260508,未提取来源信息,2026-05-09 07:18:05
https://blog.langchain.com/context-management-for-deepagents,Context Management for Deep Agents,20260508,,20260508,未提取来源信息,2026-05-09 07:18:05
https://blog.langchain.com/on-agent-frameworks-and-agent-observability,On Agent Frameworks and Agent Observability,20260508,,20260508,未提取来源信息,2026-05-09 07:18:05
https://blog.langchain.com/deep-agents-v0-5,Deep Agents v0.5,20260508,,20260508,未提取来源信息,2026-05-09 07:18:05
https://blog.langchain.com/how-middleware-lets-you-customize-your-agent-harness,How Middleware Lets You Customize Your Agent Harness,20260508,,20260508,未提取来源信息,2026-05-09 07:18:05
https://blog.langchain.com/introducing-ambient-agents,Introducing ambient agents,20260508,,20260508,未提取来源信息,2026-05-09 07:18:05
https://anthropic.com/engineering/code-execution-with-mcp,Code execution with MCP: building more efficient AI agents \ Anthropic,20260508,,20260508,未提取来源信息,2026-05-09 07:18:05
https://anthropic.com/engineering/advanced-tool-use,Introducing advanced tool use on the Claude Developer Platform \ Anthropic,20260508,,20260508,未提取来源信息,2026-05-09 07:18:05
https://anthropic.com/engineering/managed-agents,Scaling Managed Agents: Decoupling the brain from the hands \ Anthropic,20260508,,20260508,未提取来源信息,2026-05-09 07:18:05
https://composio.dev,Composio,20260508,,20260508,未提取来源信息,2026-05-09 07:18:05
https://arcade.dev,Arcade: The MCP Runtime for Production AI Agents,20260508,,20260508,未提取来源信息,2026-05-09 07:18:05
https://letta.com,Letta,20260508,,20260508,未提取来源信息,2026-05-09 07:18:05
https://blog.langchain.com/the-anatomy-of-an-agent-harness,The Anatomy of an Agent Harness,20260508,,20260508,未提取来源信息,2026-05-09 07:18:05
https://blog.langchain.com/improving-deep-agents-with-harness-engineering,Improving Deep Agents with harness engineering,20260508,,20260508,未提取来源信息,2026-05-09 07:18:05
https://blog.langchain.com/better-harness-a-recipe-for-harness-hill-climbing-with-evals,Better Harness: A Recipe for Harness Hill-Climbing with Evals,20260508,,20260508,未提取来源信息,2026-05-09 07:18:05
https://inngest.com/docs,Inngest Documentation,20260508,,20260508,未提取来源信息,2026-05-09 07:18:05
https://docs.temporal.io,Temporal Docs | Temporal Platform Documentation,20260508,,20260508,未提取来源信息,2026-05-09 07:18:05
https://docs.smith.langchain.com,LangSmith docs - Docs by LangChain,20260508,,20260508,未提取来源信息,2026-05-09 07:18:05
https://hamel.dev/notes/llm/evals/inspect.html,"Inspect AI, An OSS Python Library For LLM Evals – Hamel’s Blog - Hamel Husain",20260508,,20260508,未提取来源信息,2026-05-09 07:18:05
https://inspect.aisi.org.uk,Inspect,20260508,,20260508,未提取来源信息,2026-05-09 07:18:05
https://braintrust.dev,Braintrust - The AI observability platform for building quality AI products,20260508,,20260508,未提取来源信息,2026-05-09 07:18:05
https://blog.langchain.com/agent-evaluation-readiness-checklist,Agent Evaluation Readiness Checklist,20260508,,20260508,未提取来源信息,2026-05-09 07:18:05
https://anthropic.com/engineering/infrastructure-noise,Quantifying infrastructure noise in agentic coding evals \ Anthropic,20260508,,20260508,未提取来源信息,2026-05-09 07:18:05
https://anthropic.com/engineering/demystifying-evals-for-ai-agents,Demystifying evals for AI agents \ Anthropic,20260508,,20260508,未提取来源信息,2026-05-09 07:18:05
https://blog.langchain.com/evaluating-deep-agents-our-learnings,Evaluating Deep Agents: Our Learnings,20260508,,20260508,未提取来源信息,2026-05-09 07:18:05
https://blog.langchain.com/how-we-build-evals-for-deep-agents,How we build evals for Deep Agents,20260508,,20260508,未提取来源信息,2026-05-09 07:18:05
https://anthropic.com/engineering/eval-awareness-browsecomp,Eval awareness in Claude Opus 4.6’s BrowseComp performance \ Anthropic,20260508,,20260508,未提取来源信息,2026-05-09 07:18:05
https://anthropic.com/engineering/AI-resistant-technical-evaluations,Designing AI resistant technical evaluations \ Anthropic,20260508,,20260508,未提取来源信息,2026-05-09 07:18:05
https://blog.langchain.com/open-models-have-crossed-a-threshold,Open Models have crossed a threshold,20260508,,20260508,未提取来源信息,2026-05-09 07:18:05
https://modal.com/docs,Modal Documentation,20260508,,20260508,未提取来源信息,2026-05-09 07:18:05
https://e2b.dev,E2B | The Enterprise AI Agent Cloud,20260508,,20260508,未提取来源信息,2026-05-09 07:18:05
https://anthropic.com/engineering/claude-code-sandboxing,Making Claude Code more secure and autonomous with sandboxing \ Anthropic,20260508,,20260508,未提取来源信息,2026-05-09 07:18:05
https://anthropic.com/engineering/claude-code-auto-mode,Claude Code auto mode: a safer way to skip permissions \ Anthropic,20260508,,20260508,未提取来源信息,2026-05-09 07:18:05
https://blog.langchain.com/production-agents-self-heal,How My Agents Self-Heal in Production,20260508,,20260508,未提取来源信息,2026-05-09 07:18:05
https://anthropic.com/engineering/building-c-compiler,Building a C compiler with a team of parallel Claudes \ Anthropic,20260508,,20260508,未提取来源信息,2026-05-09 07:18:05
https://www.youtube.com/watch?v=SlGRN8jh2RI,- YouTube,20260508,Web-Youtube,20260508,JS渲染页面,2026-05-09 07:18:05
