日报日期,URL,链接文字
20260124,https://mp.weixin.qq.com/s/Yds90_UOyWIFHlOcPU-NgQ,Robopoet孙兆治：Fuzozo（芙崽）如何成为销量最高的AI陪伴玩具
20260124,https://www.xiaohongshu.com/discovery/item/6968763a000000000e03d28c?source=webshare&xhsshare=pc_web&xsec_token=ABbWJ_mSUe0nAeARtvW5v0d5A_kytOQrKm5uN61nVnMDA=&xsec_source=pc_share,AI文旅宣传片「永州赋」（3分1秒）
20260124,https://mp.weixin.qq.com/s/fKTTh0Bq80HC5CEJeW5jHA,谷歌 D4RT：把 4D 重建从“工程流水线”→“时空查询”，让 AI 实时理解动态世界
20260124,https://mp.weixin.qq.com/s/hCN9UV_R4YVIz9AI6gyOrQ,手搓Skills管理三件套 + 官方的Skill-creator，一个能自我进化的Skills管理器
20260124,https://github.com/KKKKhazix/Khazix-Skills,github地址
20260124,https://mp.weixin.qq.com/s/Clwn3UvZdz_l9qe59Z2Ieg,百川发布 Baichuan-M3 Plus（医疗大模型），旨在解决AI落地“医疗行业”的瓶颈——信任和共识
20260124,https://mp.weixin.qq.com/s/em7qCCdN7grvo9MUqQ2LCg,ChatGPT Health 、OpenAI for Healthcare 发布
20260124,https://mp.weixin.qq.com/s/rdLZzwTYDiSSOxRc0RQJuQ,Anthropic发布84页「Claude宪法」，开源AI核心安全与价值观框架
20260124,https://www.anthropic.com/news/claude-new-constitution,链接地址
20260123,https://mp.weixin.qq.com/s/MdDnHWUWlsYfu2WsEbRuTg,AI硬件交流纪要（2026.1）
20260123,https://mp.weixin.qq.com/s/JPz6g4giSQxvDkZ66SdE2w,AI Agent：新体验替代旧体验，未来何时到来？
20260123,https://mp.weixin.qq.com/s/Z4x0EHmyhDQ5ZT8lg_hGsg,一文讲透华为“干部轮岗”机制
20260123,https://www.xiaohongshu.com/discovery/item/696c2f1c000000000b008283?source=webshare&xhsshare=pc_web&xsec_token=ABh8T-n0Z26ClkjveG8vidbZZgskXzPozeKSeZ2Q5C8Dw=&xsec_source=pc_share,AI短片「当归」（6分19秒）
20260123,https://mp.weixin.qq.com/s/jlpaO-piFqvnxAgVJ47wyw,复制+粘贴，是个被忽视的Prompt技巧——重复问题，AI会更聪明
20260123,https://mp.weixin.qq.com/s/wNd17GOenCL_c9ZJpaH8Rw,OpenAI开始测试广告功能，但这是下下策
20260123,https://mp.weixin.qq.com/s/YZXrOWZ12PFN-xTJaN82ug,xAI工程师，疑因爆料“人类模拟器”项目离职，揭示马斯克AGI激进路线
20260123,https://mp.weixin.qq.com/s/SRkkvL4SS22iBXgcBt0kOw,突发！xAI联创杨格过劳病离职，给马斯克干活压力山大
20260123,https://mp.weixin.qq.com/s/yJncWFGJSbOGO5JrRZabpQ,成熟品类里的创新机会：如何重做洗碗机
20260123,https://mp.weixin.qq.com/s/TdrESuxl-SWxfIUg9EMLZg,怎么做Long-running Agents：Cursor、Anthropic给了两种截然不同的思路
20260123,https://t.zsxq.com/LlHNW,现阶段，亲自学用Agent的必要性，到底在哪里？自己不直接用Agent，而是带真人团队、让成员用Agent，行不行？_20260122
20260122,https://mp.weixin.qq.com/s/iCcY7dqD0es5fNusyHUL_w,一人公司（OPC，One Person Company）的分水岭：人退出，公司还能不能运转
20260122,https://www.xiaohongshu.com/discovery/item/696cea04000000002202da0c?source=webshare&xhsshare=pc_web&xsec_token=ABh8T-n0Z26ClkjveG8vidbccsMCA0HkvJE1Cod684jUU=&xsec_source=pc_share,AI MV「当你孤单，你会想起谁」（3分1秒）
20260122,https://mp.weixin.qq.com/s/Pg05doYWNaTjPQnR6E0n_Q,三个最具潜力的AI应用方向
20260122,https://mp.weixin.qq.com/s/e2Zg2NzU8aRFyKzBVqFaXg,AI 时代的真正冲击：不是失业，而是工资制度本身的衰亡
20260122,https://mp.weixin.qq.com/s/dj-7lsrP1GOKvXJTXteO4w,AI Coding在大厂提效不明显，主要是组织流程不适配，汽油发动机套在马车上跑
20260122,https://mp.weixin.qq.com/s/JER462B3dVYlwVYl6rTmzw,Skills的最正确用法，是将整个Github，压缩成自己的超级技能库
20260122,https://mp.weixin.qq.com/s/dwf5CGcJR-vdS3EXGwCpiQ,红杉 xbench 评测报告：104 项日常任务，Agent 可处理 60+%
20260122,https://xbench.org/agi/agentif,AgentIF-OneDay
20260120,https://mp.weixin.qq.com/s/s_L2EIZ8biy89X4VVmsknQ,曲凯对谈张津剑：All in AI 的第一个三年
20260120,https://t.zsxq.com/bKdCu,泡沫怎么来的 and 会怎么破灭_20251013
20260120,https://www.xiaohongshu.com/discovery/item/6968e9b4000000002103f070?source=webshare&xhsshare=pc_web&xsec_token=ABND2N4zmJYV39N-6Mn4Rh2CzIkLp5GcsCf0soWHgVkzQ=&xsec_source=pc_share,AI文艺短片「青春梦」（4分44秒）
20260120,https://mp.weixin.qq.com/s/3y3W9Zi-X7JQaAxolVsISw,美国开始用机器人造房子——Buildroid（多机器人协同平台）进入美国市场，已在阿联酋完成试点部署
20260120,https://mp.weixin.qq.com/s/anXtmUxlrAEBlPPhL-QhnQ,飞书×安克，首款硬件“AI录音豆”
20260120,https://mp.weixin.qq.com/s/cBGzEaunthaAUJZJFaR1cw,与飞书生态的结合：从硬件录音，到软件的智能会议纪要，再到AI知识问答
20260120,https://mp.weixin.qq.com/s/M7JL7LgJm9oRQi3q4ZvMBg,Anthropic，为Claude注入“永久记忆”，AI办公进入新阶段
20260119,https://mp.weixin.qq.com/s/JM1JVFtvhLUn3FVMpoYtRg,MindCode周报57期
20260119,https://t.zsxq.com/184HAdlHE,成长的底层逻辑（3）
20260119,https://m.okjike.com/originalPosts/696b2264c5a1d4e64959c3ef,手搓 Vibecoding 键盘，支持语音输入（1分20秒视频）
20260119,https://www.xiaohongshu.com/discovery/item/6960ca930000000022032b83?source=webshare&xhsshare=pc_web&xsec_token=ABvbTHQ6gPE9DBI-uuKIucNQaWLdWcR7e8UFdcv-LW0jE=&xsec_source=pc_share,AI微电影「破春」（8分42秒）
20260119,https://mp.weixin.qq.com/s/VXg1Yez-4vrk1g5f6drp9w,影智XBOT，在精品咖啡场景下，已实现稳定商业落地
20260119,https://mp.weixin.qq.com/s/lc7UAnY9VxKmWP-HCCAsZQ,a16z是如何运转的
20260119,https://mp.weixin.qq.com/s/e1da4Zm3SYjUFIMZJtbeog,Demis Hassabis预测：有望在5年内见证AGI降临，还差一两个技术突破——世界模型和智能体系统
20260119,https://mp.weixin.qq.com/s/knto2FBNOXK0QLsTAxpy9A,马斯克建成全球首个吉瓦级超算，训练6万亿Grok 5，引发AI算力与电网危机
20260119,https://t.zsxq.com/tONAf,周日换频道（299）_「成长搭子群」内部分享精选24（10个内容点）_20260118
20260118,https://mp.weixin.qq.com/s/P5zrMk41DqrVIUxetJ8idA,只知定“量”分析，不知定“性”分析的管理者，往往看不见未来
20260118,https://t.zsxq.com/vu9X4,https://t.zsxq.com/vu9X4
20260118,https://www.xiaohongshu.com/discovery/item/6965c007000000000b013367?source=webshare&xhsshare=pc_web&xsec_token=ABJv75Vu81ajwMw1RY_a1gABduc24unybFvmL1VSkNsMM=&xsec_source=pc_share,AI莫奈风宣传片「喜鹊看房记：宁波寻屋之旅」（2分钟）
20260118,https://mp.weixin.qq.com/s/zHBpwVXXxUwaho76h2sswA,《卢浮宫小猫》AI视频创作心得分享
20260118,https://weibo.com/1757693565/PgTMY5swa,微博置顶
20260118,https://m.okjike.com/originalPosts/6969ea3d800201ac682059ec,Cursor 的 Lee Robinson发推，解释AI编程工具相关概念、发展史
20260118,https://mp.weixin.qq.com/s/87poege0SQeCsdHcfFIiMw,Hinton成全球第二个百万引用科学家
20260118,https://mp.weixin.qq.com/s/hOF7zS0aG5D9-TN5IYu28g,OpenAI官宣：ChatGPT 将加入广告，免费、低价付费用户，优先体验
20260118,https://mp.weixin.qq.com/s/caDdIc5EcOSxXcmo6I64Dg,虽然ChatGPT周活超过8亿，但用户越多，亏得越多。也不敢涨价——可能是因为DeepSeek。
20260118,https://mp.weixin.qq.com/s/JRlO1INlO4oBiK3fsg1Z7A,麒盛科技创始人唐国海：智能床背后的“数字睡眠版图”
